PassengerId,Survived,Pclass,Name,Sex,Age,SibSp,Parch,Ticket,Fare,Embarked_S
1,0,3,Rishi,0,-1.4200938936093863,1,0,A/5 21171,-0.8161405877502704,True
2,1,1,Mithra,1,1.3340275970269992,1,0,PC 17599,1.5303470605700333,False
3,1,3,Mahi,1,-0.7315635209502899,0,0,STON/O2. 3101282,-0.7914053458899226,True
4,1,1,Manvi,1,0.8176298175326769,1,0,113803,0.8640236186155726,True
5,0,3,Ruthra,0,0.0,0,0,373450,-0.7868247455454138,True
